seed,psnr,ssim,memory_gb
0,30.794473863914952,0.7389825736211292,2.20302152633667
1,32.50490469024464,0.8419666127836118,2.234468936920166
42,31.42134572033256,0.8035872335618552,2.234468936920166
123,32.32539397654614,0.8184127926944613,2.235933780670166
3407,28.11366883216408,0.6810336678848122,2.235933780670166
