seed,psnr,ssim,memory_gb
0,31.252307222227834,0.8840097903928003,0.6651811599731445
1,26.39690326000119,0.5757847186723597,0.6883711814880371
42,26.288294470153417,0.7732284050185791,0.7115612030029297
123,30.876169881039388,0.8818287153009541,0.7347512245178223
3407,27.208919082527498,0.812883251920371,0.7579412460327148
