seed,psnr,ssim,memory_gb
0,18.10781238593131,0.33512847779211213,2.205176830291748
1,19.459300814757576,0.3783709751517568,2.236624240875244
42,10.744231613681901,0.00763826664952356,2.283209800720215
123,19.845660449285962,0.44863855350750914,2.312215805053711
3407,27.343742301455084,0.8345815397722997,2.343296527862549
