seed,psnr,ssim,memory_gb
0,20.64071227746271,0.3741512388235732,2.20296049118042
1,28.316455235473256,0.7787422289445983,2.234407901763916
42,27.484571076231703,0.6804309383724506,2.234407901763916
123,21.834093273406342,0.4634759275150095,2.281116485595703
3407,29.04241911645434,0.7606905014450316,2.235872745513916
