seed,psnr,ssim,memory_gb
0,26.46739224575432,0.7559227831327605,2.203327178955078
1,24.924256104907382,0.47631182621030554,2.234774589538574
42,24.08963148015708,0.44211392860020665,2.234774589538574
123,24.696612995187426,0.4720134673611599,2.2510476112365723
3407,24.02320811603388,0.43167058130447394,2.236239433288574
