seed,psnr,ssim,memory_gb
0,19.3875703166292,0.24249427442081284,2.203327178955078
1,23.84806338747864,0.4200381660293942,2.234774589538574
42,23.573672394917526,0.41133570289817456,2.234774589538574
123,23.194568419493642,0.3971640040599737,2.236239433288574
3407,23.853006763503295,0.4195127728653211,2.236239433288574
