seed,psnr,ssim,memory_gb
0,26.02479556324301,0.5332390384311074,2.215819835662842
1,21.471350111931528,0.34146890988313694,2.247203826904297
42,27.029977430554606,0.5786715581807519,2.239330291748047
123,28.605125060726557,0.6576541033812474,2.2369813919067383
3407,25.838632253368136,0.5237487303073523,2.2404279708862305
