seed,psnr,ssim,memory_gb
0,28.809929762095013,0.8403985183736076,0.6665239334106445
1,32.00573733641389,0.8251127475046903,0.7053871154785156
42,33.30537742461175,0.889584493965263,0.7455320358276367
123,30.042796939134256,0.8148779873847425,0.7898221015930176
3407,31.39301822915771,0.8726777151177941,0.8287410736083984
